Workbook

Sheet dashboard
A30: Occupancy | B30: 0.8
A31: Total volume | B31: =SUM(processor!AN:AN) -> 31312.035
B33: Max SPWH operating time | C33: =30*COUNTIF(processor!AP:AP, "favourable") -> 330

Sheet processor
A1: hour | B1: PROFILER | AO1: FEEDER
B2: timestamp | C2: master | D2: day1 | E2: day2 | F2: day3 | G2: day4 | H2: day5 | I2: day6 | J2: day7 | K2: day8 | L2: day9 | M2: day10 | N2: day11 | O2: day12 | P2: day13 | Q2: day14 | R2: day15 | S2: day16 | T2: day17 | U2: day18 | V2: day19 | W2: day20 | X2: day21 | Y2: day22 | Z2: day23 | AA2: day24 | AB2: day25 | AC2: day26 | AD2: day27 | AE2: day28 | AF2: day29 | AG2: day30 | AH2: average | AI2: occupancy | AJ2: maxoccupancyrate | AK2: indv-rate | AM2: occupancy | AN2: water | AO2: SPWH_defaultAvailability | AP2: SPWH_favourableWeatjer | AQ2: SPWH_use | AR2: AB_use | AS2: SPWH_outputDirect | AT2: AB_outputDirect
A3: 0 | B3: 0 | C3: 600 | D3: 920.78862 | E3: 905.78067 | F3: 1175.144 | G3: 735.80152 | H3: 1028.3564 | I3: 1092.07 | J3: 1087.3379 | K3: 867.24116 | L3: 847.52713 | M3: 1057.4597 | N3: 1134.2154 | O3: 900.76715 | P3: 731.3841 | Q3: 911.41003 | R3: 957.37122 | S3: 741.26127 | T3: 712.75708 | U3: 1091.5633 | V3: 1025.5756 | W3: 1085.6053 | X3: 968.51268 | Y3: 741.30094 | Z3: 706.54753 | AA3: 698.49486 | AB3: 764.40459 | AC3: 676.46609 | AD3: 1043.4065 | AE3: 1132.8157 | AF3: 828.85844 | AG3: 888.87813 | AH3: =AVERAGE(D3:AG3) -> 915.30343 | AI3: 0.6 | AJ3: =(1/AI3)*AH3 -> 1525.5057 | AK3: =AJ3/100 -> 15.255057 | AM3: =dashboard!B30 -> 0.8 | AN3: =AM3*AJ3 -> 1220.4046 | AO3: UNAVAILABLE | AP3: UNVAFOURABLE | AQ3: =IF(AS3>1, "ON", "OFF") -> OFF | AR3: =IF(AT3>1, "ON", "OFF") -> ON | AS3: =IF(AND(AN3>index!$C$2, AO3="available", AP3="favourable"), index!$C$2, IF(AND(AO3="available", AP3="favourable"), AN3, 0)) -> 0 | AT3: =AN3-AS3 -> 1220.4046
A4: 0.5 | B4: 1800 | C4: 500 | D4: 935.81942 | E4: 598.54699 | F4: 854.26881 | G4: 975.55024 | H4: 860.77255 | I4: 980.80804 | J4: 714.55349 | K4: 516.08057 | L4: 989.80126 | M4: 706.24266 | N4: 804.2152 | O4: 817.58959 | P4: 618.61288 | Q4: 666.00553 | R4: 886.99358 | S4: 800.07852 | T4: 728.14721 | U4: 993.52573 | V4: 527.63814 | W4: 598.74931 | X4: 576.99072 | Y4: 780.568 | Z4: 664.81963 | AA4: 669.46589 | AB4: 970.37728 | AC4: 504.96204 | AD4: 934.20688 | AE4: 795.12822 | AF4: 999.42336 | AG4: 964.32607 | AH4: =AVERAGE(D4:AG4) -> 781.14226 | AI4: 0.6 | AJ4: =(1/AI4)*AH4 -> 1301.9038 | AK4: =AJ4/100 -> 13.019038 | AM4: =$AM$3 -> 0.8 | AN4: =AM4*AJ4 -> 1041.523 | AO4: UNAVAILABLE | AP4: UNVAFOURABLE | AQ4: =IF(AS4>1, "ON", "OFF") -> OFF | AR4: =IF(AT4>1, "ON", "OFF") -> ON | AS4: =IF(AND(AN4>index!$C$2, AO4="available", AP4="favourable"), index!$C$2, IF(AND(AO4="available", AP4="favourable"), AN4, 0)) -> 0 | AT4: =AN4-AS4 -> 1041.523
A5: 1 | B5: 3600 | C5: 200 | D5: 326.85596 | E5: 286.70336 | F5: 232.33887 | G5: 348.15515 | H5: 378.45836 | I5: 366.31187 | J5: 364.01483 | K5: 266.50806 | L5: 266.31548 | M5: 389.40246 | N5: 309.83892 | O5: 298.72119 | P5: 382.66942 | Q5: 341.38476 | R5: 202.16567 | S5: 306.96349 | T5: 365.53275 | U5: 267.52672 | V5: 397.39199 | W5: 335.18551 | X5: 322.58855 | Y5: 332.90817 | Z5: 332.73022 | AA5: 265.96218 | AB5: 338.37144 | AC5: 385.04024 | AD5: 223.53638 | AE5: 330.09693 | AF5: 399.52038 | AG5: 354.72937 | AH5: =AVERAGE(D5:AG5) -> 323.93095 | AI5: 0.6 | AJ5: =(1/AI5)*AH5 -> 539.88492 | AK5: =AJ5/100 -> 5.3988492 | AM5: =$AM$3 -> 0.8 | AN5: =AM5*AJ5 -> 431.90794 | AO5: UNAVAILABLE | AP5: UNVAFOURABLE | AQ5: =IF(AS5>1, "ON", "OFF") -> OFF | AR5: =IF(AT5>1, "ON", "OFF") -> ON | AS5: =IF(AND(AN5>index!$C$2, AO5="available", AP5="favourable"), index!$C$2, IF(AND(AO5="available", AP5="favourable"), AN5, 0)) -> 0 | AT5: =AN5-AS5 -> 431.90794
A6: 1.5 | B6: 5400 | C6: 180 | D6: 267.52457 | E6: 247.32396 | F6: 197.14105 | G6: 301.40052 | H6: 354.09648 | I6: 285.37788 | J6: 300.39261 | K6: 347.20015 | L6: 355.30568 | M6: 268.67861 | N6: 318.45394 | O6: 328.50644 | P6: 343.81288 | Q6: 263.96217 | R6: 339.62843 | S6: 299.12794 | T6: 234.27447 | U6: 279.7607 | V6: 286.92702 | W6: 300.70535 | X6: 233.45701 | Y6: 300.02741 | Z6: 354.69676 | AA6: 217.45759 | AB6: 279.85564 | AC6: 180.35871 | AD6: 309.823 | AE6: 208.24118 | AF6: 271.08073 | AG6: 209.15127 | AH6: =AVERAGE(D6:AG6) -> 282.79167 | AI6: 0.6 | AJ6: =(1/AI6)*AH6 -> 471.31945 | AK6: =AJ6/100 -> 4.7131945 | AM6: =$AM$3 -> 0.8 | AN6: =AM6*AJ6 -> 377.05556 | AO6: UNAVAILABLE | AP6: UNVAFOURABLE | AQ6: =IF(AS6>1, "ON", "OFF") -> OFF | AR6: =IF(AT6>1, "ON", "OFF") -> ON | AS6: =IF(AND(AN6>index!$C$2, AO6="available", AP6="favourable"), index!$C$2, IF(AND(AO6="available", AP6="favourable"), AN6, 0)) -> 0 | AT6: =AN6-AS6 -> 377.05556
A7: 2 | B7: 7200 | C7: 150 | D7: 207.05693 | E7: 176.14796 | F7: 191.41681 | G7: 257.81148 | H7: 252.59311 | I7: 179.41835 | J7: 234.89195 | K7: 264.68049 | L7: 186.7656 | M7: 193.34059 | N7: 295.31616 | O7: 193.90426 | P7: 211.15965 | Q7: 205.91933 | R7: 264.39927 | S7: 221.869 | T7: 261.48235 | U7: 227.1551 | V7: 167.92843 | W7: 251.78645 | X7: 180.38914 | Y7: 189.89306 | Z7: 157.2121 | AA7: 157.76907 | AB7: 258.36155 | AC7: 152.42846 | AD7: 282.78939 | AE7: 202.53144 | AF7: 162.20033 | AG7: 205.26875 | AH7: =AVERAGE(D7:AG7) -> 213.12955 | AI7: 0.6 | AJ7: =(1/AI7)*AH7 -> 355.21592 | AK7: =AJ7/100 -> 3.5521592 | AM7: =$AM$3 -> 0.8 | AN7: =AM7*AJ7 -> 284.17274 | AO7: UNAVAILABLE | AP7: UNVAFOURABLE | AQ7: =IF(AS7>1, "ON", "OFF") -> OFF | AR7: =IF(AT7>1, "ON", "OFF") -> ON | AS7: =IF(AND(AN7>index!$C$2, AO7="available", AP7="favourable"), index!$C$2, IF(AND(AO7="available", AP7="favourable"), AN7, 0)) -> 0 | AT7: =AN7-AS7 -> 284.17274
A8: 2.5 | B8: 9000 | C8: 110 | D8: 201.6983 | E8: 155.37482 | F8: 151.01495 | G8: 178.59532 | H8: 184.57235 | I8: 202.078 | J8: 148.42954 | K8: 205.67259 | L8: 219.96157 | M8: 213.69229 | N8: 134.08214 | O8: 180.17692 | P8: 159.3371 | Q8: 208.62316 | R8: 142.87991 | S8: 125.26879 | T8: 170.67533 | U8: 157.87327 | V8: 138.86535 | W8: 116.62058 | X8: 172.07017 | Y8: 116.91986 | Z8: 162.64451 | AA8: 168.71157 | AB8: 122.37811 | AC8: 182.86003 | AD8: 156.477 | AE8: 144.38841 | AF8: 121.83895 | AG8: 172.78571 | AH8: =AVERAGE(D8:AG8) -> 163.88555 | AI8: 0.6 | AJ8: =(1/AI8)*AH8 -> 273.14259 | AK8: =AJ8/100 -> 2.7314259 | AM8: =$AM$3 -> 0.8 | AN8: =AM8*AJ8 -> 218.51407 | AO8: UNAVAILABLE | AP8: UNVAFOURABLE | AQ8: =IF(AS8>1, "ON", "OFF") -> OFF | AR8: =IF(AT8>1, "ON", "OFF") -> ON | AS8: =IF(AND(AN8>index!$C$2, AO8="available", AP8="favourable"), index!$C$2, IF(AND(AO8="available", AP8="favourable"), AN8, 0)) -> 0 | AT8: =AN8-AS8 -> 218.51407
A9: 3 | B9: 10800 | C9: 90 | D9: 168.62679 | E9: 149.25085 | F9: 151.32308 | G9: 107.51263 | H9: 161.12672 | I9: 144.16999 | J9: 155.01748 | K9: 178.21309 | L9: 154.41681 | M9: 177.05703 | N9: 163.76595 | O9: 115.63206 | P9: 140.44369 | Q9: 141.18064 | R9: 110.64175 | S9: 143.29435 | T9: 128.38617 | U9: 142.88058 | V9: 155.07681 | W9: 166.86053 | X9: 140.95716 | Y9: 105.85356 | Z9: 114.71191 | AA9: 116.65813 | AB9: 153.39952 | AC9: 117.52751 | AD9: 120.27635 | AE9: 175.06177 | AF9: 136.50185 | AG9: 133.3891 | AH9: =AVERAGE(D9:AG9) -> 142.30713 | AI9: 0.6 | AJ9: =(1/AI9)*AH9 -> 237.17855 | AK9: =AJ9/100 -> 2.3717855 | AM9: =$AM$3 -> 0.8 | AN9: =AM9*AJ9 -> 189.74284 | AO9: UNAVAILABLE | AP9: UNVAFOURABLE | AQ9: =IF(AS9>1, "ON", "OFF") -> OFF | AR9: =IF(AT9>1, "ON", "OFF") -> ON | AS9: =IF(AND(AN9>index!$C$2, AO9="available", AP9="favourable"), index!$C$2, IF(AND(AO9="available", AP9="favourable"), AN9, 0)) -> 0 | AT9: =AN9-AS9 -> 189.74284
A10: 3.5 | B10: 12600 | C10: 80 | D10: 140.74481 | E10: 112.286 | F10: 134.08921 | G10: 84.788542 | H10: 146.43615 | I10: 132.55962 | J10: 128.12434 | K10: 134.91613 | L10: 92.036641 | M10: 141.70401 | N10: 117.20984 | O10: 116.23584 | P10: 122.41548 | Q10: 99.026058 | R10: 158.06298 | S10: 118.22665 | T10: 102.05925 | U10: 111.51168 | V10: 101.66384 | W10: 156.54103 | X10: 136.16476 | Y10: 138.34359 | Z10: 119.01409 | AA10: 93.483726 | AB10: 134.42696 | AC10: 97.600398 | AD10: 97.912864 | AE10: 111.39849 | AF10: 88.595138 | AG10: 124.50857 | AH10: =AVERAGE(D10:AG10) -> 119.73622 | AI10: 0.6 | AJ10: =(1/AI10)*AH10 -> 199.56037 | AK10: =AJ10/100 -> 1.9956037 | AM10: =$AM$3 -> 0.8 | AN10: =AM10*AJ10 -> 159.6483 | AO10: UNAVAILABLE | AP10: UNVAFOURABLE | AQ10: =IF(AS10>1, "ON", "OFF") -> OFF | AR10: =IF(AT10>1, "ON", "OFF") -> ON | AS10: =IF(AND(AN10>index!$C$2, AO10="available", AP10="favourable"), index!$C$2, IF(AND(AO10="available", AP10="favourable"), AN10, 0)) -> 0 | AT10: =AN10-AS10 -> 159.6483
A11: 4 | B11: 14400 | C11: 70 | D11: 110.38712 | E11: 95.885169 | F11: 70.544708 | G11: 133.92593 | H11: 94.627138 | I11: 127.86622 | J11: 75.073742 | K11: 119.20109 | L11: 121.12857 | M11: 85.25109 | N11: 132.42068 | O11: 109.91394 | P11: 87.916499 | Q11: 95.908467 | R11: 124.54015 | S11: 99.715062 | T11: 119.81705 | U11: 138.21345 | V11: 137.57215 | W11: 132.54837 | X11: 132.99867 | Y11: 91.813534 | Z11: 129.98452 | AA11: 91.792064 | AB11: 110.12373 | AC11: 119.99287 | AD11: 81.932791 | AE11: 92.392198 | AF11: 121.59273 | AG11: 102.171 | AH11: =AVERAGE(D11:AG11) -> 109.57502 | AI11: 0.6 | AJ11: =(1/AI11)*AH11 -> 182.62504 | AK11: =AJ11/100 -> 1.8262504 | AM11: =$AM$3 -> 0.8 | AN11: =AM11*AJ11 -> 146.10003 | AO11: UNAVAILABLE | AP11: UNVAFOURABLE | AQ11: =IF(AS11>1, "ON", "OFF") -> OFF | AR11: =IF(AT11>1, "ON", "OFF") -> ON | AS11: =IF(AND(AN11>index!$C$2, AO11="available", AP11="favourable"), index!$C$2, IF(AND(AO11="available", AP11="favourable"), AN11, 0)) -> 0 | AT11: =AN11-AS11 -> 146.10003
A12: 4.5 | B12: 16200 | C12: 60 | D12: 115.15777 | E12: 67.634711 | F12: 104.63864 | G12: 82.959761 | H12: 97.127154 | I12: 117.14911 | J12: 69.880667 | K12: 72.81741 | L12: 101.11988 | M12: 86.478819 | N12: 90.316532 | O12: 69.698691 | P12: 73.48318 | Q12: 90.005591 | R12: 99.079416 | S12: 60.028228 | T12: 61.776591 | U12: 119.58338 | V12: 77.084607 | W12: 80.184107 | X12: 83.174867 | Y12: 106.61524 | Z12: 74.998935 | AA12: 118.19864 | AB12: 83.844963 | AC12: 80.276464 | AD12: 106.96223 | AE12: 90.80363 | AF12: 99.763449 | AG12: 87.971978 | AH12: =AVERAGE(D12:AG12) -> 88.960488 | AI12: 0.6 | AJ12: =(1/AI12)*AH12 -> 148.26748 | AK12: =AJ12/100 -> 1.4826748 | AM12: =$AM$3 -> 0.8 | AN12: =AM12*AJ12 -> 118.61398 | AO12: UNAVAILABLE | AP12: UNVAFOURABLE | AQ12: =IF(AS12>1, "ON", "OFF") -> OFF | AR12: =IF(AT12>1, "ON", "OFF") -> ON | AS12: =IF(AND(AN12>index!$C$2, AO12="available", AP12="favourable"), index!$C$2, IF(AND(AO12="available", AP12="favourable"), AN12, 0)) -> 0 | AT12: =AN12-AS12 -> 118.61398
A13: 5 | B13: 18000 | C13: 20 | D13: 36.868619 | E13: 28.837477 | F13: 27.497687 | G13: 22.098218 | H13: 36.862817 | I13: 27.114319 | J13: 38.23367 | K13: 35.605481 | L13: 39.848205 | M13: 27.625509 | N13: 36.974355 | O13: 32.584739 | P13: 23.749678 | Q13: 29.779494 | R13: 28.18776 | S13: 27.729349 | T13: 24.737477 | U13: 29.988941 | V13: 20.582984 | W13: 34.165507 | X13: 35.065289 | Y13: 28.69464 | Z13: 32.859632 | AA13: 20.764828 | AB13: 25.251156 | AC13: 35.179577 | AD13: 29.246937 | AE13: 25.187119 | AF13: 37.246397 | AG13: 30.359277 | AH13: =AVERAGE(D13:AG13) -> 30.297571 | AI13: 0.6 | AJ13: =(1/AI13)*AH13 -> 50.495952 | AK13: =AJ13/100 -> 0.50495952 | AM13: =$AM$3 -> 0.8 | AN13: =AM13*AJ13 -> 40.396762 | AO13: UNAVAILABLE | AP13: UNVAFOURABLE | AQ13: =IF(AS13>1, "ON", "OFF") -> OFF | AR13: =IF(AT13>1, "ON", "OFF") -> ON | AS13: =IF(AND(AN13>index!$C$2, AO13="available", AP13="favourable"), index!$C$2, IF(AND(AO13="available", AP13="favourable"), AN13, 0)) -> 0 | AT13: =AN13-AS13 -> 40.396762
A14: 5.5 | B14: 19800 | C14: 20 | D14: 22.426306 | E14: 20.058743 | F14: 38.914116 | G14: 31.596103 | H14: 35.449931 | I14: 36.236791 | J14: 30.193758 | K14: 36.546956 | L14: 37.084041 | M14: 32.495297 | N14: 28.579381 | O14: 24.805185 | P14: 33.66635 | Q14: 21.814945 | R14: 23.005119 | S14: 33.004705 | T14: 35.214981 | U14: 34.612831 | V14: 22.617217 | W14: 38.229693 | X14: 36.933615 | Y14: 38.251263 | Z14: 23.683785 | AA14: 32.37814 | AB14: 24.944391 | AC14: 39.175214 | AD14: 29.86022 | AE14: 27.275826 | AF14: 23.649287 | AG14: 39.150762 | AH14: =AVERAGE(D14:AG14) -> 31.061832 | AI14: 0.6 | AJ14: =(1/AI14)*AH14 -> 51.76972 | AK14: =AJ14/100 -> 0.5176972 | AM14: =$AM$3 -> 0.8 | AN14: =AM14*AJ14 -> 41.415776 | AO14: UNAVAILABLE | AP14: UNVAFOURABLE | AQ14: =IF(AS14>1, "ON", "OFF") -> OFF | AR14: =IF(AT14>1, "ON", "OFF") -> ON | AS14: =IF(AND(AN14>index!$C$2, AO14="available", AP14="favourable"), index!$C$2, IF(AND(AO14="available", AP14="favourable"), AN14, 0)) -> 0 | AT14: =AN14-AS14 -> 41.415776
A15: 6 | B15: 21600 | C15: 50 | D15: 99.291393 | E15: 92.674196 | F15: 99.357486 | G15: 86.097519 | H15: 50.56808 | I15: 51.539861 | J15: 82.393377 | K15: 75.615042 | L15: 77.68788 | M15: 80.569683 | N15: 70.560583 | O15: 73.775947 | P15: 54.89185 | Q15: 67.443054 | R15: 95.044653 | S15: 70.822206 | T15: 65.075302 | U15: 82.749098 | V15: 79.774197 | W15: 87.337944 | X15: 88.153289 | Y15: 58.008546 | Z15: 88.558215 | AA15: 64.930344 | AB15: 62.348992 | AC15: 91.933989 | AD15: 63.042912 | AE15: 91.737858 | AF15: 79.747037 | AG15: 84.886506 | AH15: =AVERAGE(D15:AG15) -> 77.220568 | AI15: 0.6 | AJ15: =(1/AI15)*AH15 -> 128.70095 | AK15: =AJ15/100 -> 1.2870095 | AM15: =$AM$3 -> 0.8 | AN15: =AM15*AJ15 -> 102.96076 | AO15: UNAVAILABLE | AP15: UNVAFOURABLE | AQ15: =IF(AS15>1, "ON", "OFF") -> OFF | AR15: =IF(AT15>1, "ON", "OFF") -> ON | AS15: =IF(AND(AN15>index!$C$2, AO15="available", AP15="favourable"), index!$C$2, IF(AND(AO15="available", AP15="favourable"), AN15, 0)) -> 0 | AT15: =AN15-AS15 -> 102.96076
... A50: 23.5 | B50: 84600 | C50: 420 | D50: 529.42198 | E50: 445.4331 | F50: 548.48434 | G50: 755.52599 | H50: 798.80713 | I50: 715.31457 | J50: 809.32871 | K50: 548.28085 | L50: 737.73852 | M50: 469.39364 | N50: 689.42447 | O50: 828.49326 | P50: 460.15828 | Q50: 782.77013 | R50: 469.76617 | S50: 492.62383 | T50: 455.20515 | U50: 430.96441 | V50: 789.4937 | W50: 500.07214 | X50: 486.8304 | Y50: 443.57049 | Z50: 735.86887 | AA50: 665.15863 | AB50: 571.09082 | AC50: 594.22744 | AD50: 429.08161 | AE50: 524.89957 | AF50: 663.9495 | AG50: 771.17338 | AH50: =AVERAGE(D50:AG50) -> 604.7517 | AI50: 0.6 | AJ50: =(1/AI50)*AH50 -> 1007.9195 | AK50: =AJ50/100 -> 10.079195 | AM50: =$AM$3 -> 0.8 | AN50: =AM50*AJ50 -> 806.3356 | AO50: UNAVAILABLE | AP50: UNVAFOURABLE | AQ50: =IF(AS50>1, "ON", "OFF") -> OFF | AR50: =IF(AT50>1, "ON", "OFF") -> ON | AS50: =IF(AND(AN50>index!$C$2, AO50="available", AP50="favourable"), index!$C$2, IF(AND(AO50="available", AP50="favourable"), AN50, 0)) -> 0 | AT50: =AN50-AS50 -> 806.3356

Sheet index
A1: Variable | B1: Type | C1: Value | D1: Unit
A2: maxFlowrateSPWH | B2: limiter | C2: 500 | D2: liters/30minutes
A3: maxFlowrateAB | B3: limiter | C3: 3500 | D3: liters/30minutes
A4: maxGenerationSPWH | B4: facilityCapacity | D4: liters/day
A5: maxGenerationAB | B5: facilityCapacity | D5: liters/day

Sheet Agile
A1: hour | B1: day1 | C1: AB_Command | D1: AB_Command | E1: SPWH_Command | F1: day2 | G1: AB_Command | H1: AB_Command | I1: SPWH_Command | J1: day3 | K1: AB_Command | L1: AB_Command | M1: SPWH | N1: day4 | O1: AB_Command | P1: AB_Command | Q1: SPWH | R1: day5 | S1: AB_Command | T1: AB_Command | U1: SPWH | V1: day6 | W1: AB_Command | X1: AB_Command | Y1: SPWH | Z1: day7 | AA1: AB_Command | AB1: AB_Command | AC1: SPWH | AD1: day8 | AE1: AB_Command | AF1: AB_Command | AG1: SPWH | AH1: day9 | AI1: AB_Command | AJ1: AB_Command | AK1: SPWH | AL1: day10 | AM1: AB_Command | AN1: AB_Command | AO1: SPWH
A2: 0 | B2: 920.78862 | C2: 1 | D2: 920.78862 | E2: 0 | F2: 905.78067 | G2: 1 | H2: 905.78067 | I2: 0 | J2: 1175.144 | K2: 1 | L2: 1175.144 | M2: 0 | N2: 735.80152 | O2: 1 | P2: 735.80152 | Q2: 0 | R2: 1028.3564 | S2: 1 | T2: 1028.3564 | U2: 0 | V2: 1092.07 | W2: 1 | X2: 1092.07 | Y2: 0 | Z2: 1087.3379 | AA2: 1 | AB2: 1087.3379 | AC2: 0 | AD2: 867.24116 | AE2: 1 | AF2: 867.24116 | AG2: 0 | AH2: 847.52713 | AI2: 1 | AJ2: 847.52713 | AK2: 0 | AL2: 1057.4597 | AM2: 1 | AN2: 1057.4597 | AO2: 0
A3: 0.5 | B3: 935.81942 | C3: 1 | D3: 935.81942 | E3: 0 | F3: 598.54699 | G3: 1 | H3: 598.54699 | I3: 0 | J3: 854.26881 | K3: 1 | L3: 854.26881 | M3: 0 | N3: 975.55024 | O3: 1 | P3: 975.55024 | Q3: 0 | R3: 860.77255 | S3: 1 | T3: 860.77255 | U3: 0 | V3: 980.80804 | W3: 1 | X3: 980.80804 | Y3: 0 | Z3: 714.55349 | AA3: 1 | AB3: 714.55349 | AC3: 0 | AD3: 516.08057 | AE3: 1 | AF3: 516.08057 | AG3: 0 | AH3: 989.80126 | AI3: 1 | AJ3: 989.80126 | AK3: 0 | AL3: 706.24266 | AM3: 1 | AN3: 706.24266 | AO3: 0
A4: 1 | B4: 326.85596 | C4: 1 | D4: 326.85596 | E4: 0 | F4: 286.70336 | G4: 1 | H4: 286.70336 | I4: 0 | J4: 232.33887 | K4: 1 | L4: 232.33887 | M4: 0 | N4: 348.15515 | O4: 1 | P4: 348.15515 | Q4: 0 | R4: 378.45836 | S4: 1 | T4: 378.45836 | U4: 0 | V4: 366.31187 | W4: 1 | X4: 366.31187 | Y4: 0 | Z4: 364.01483 | AA4: 1 | AB4: 364.01483 | AC4: 0 | AD4: 266.50806 | AE4: 1 | AF4: 266.50806 | AG4: 0 | AH4: 266.31548 | AI4: 1 | AJ4: 266.31548 | AK4: 0 | AL4: 389.40246 | AM4: 1 | AN4: 389.40246 | AO4: 0
A5: 1.5 | B5: 267.52457 | C5: 1 | D5: 267.52457 | E5: 0 | F5: 247.32396 | G5: 1 | H5: 247.32396 | I5: 0 | J5: 197.14105 | K5: 1 | L5: 197.14105 | M5: 0 | N5: 301.40052 | O5: 1 | P5: 301.40052 | Q5: 0 | R5: 354.09648 | S5: 1 | T5: 354.09648 | U5: 0 | V5: 285.37788 | W5: 1 | X5: 285.37788 | Y5: 0 | Z5: 300.39261 | AA5: 1 | AB5: 300.39261 | AC5: 0 | AD5: 347.20015 | AE5: 1 | AF5: 347.20015 | AG5: 0 | AH5: 355.30568 | AI5: 1 | AJ5: 355.30568 | AK5: 0 | AL5: 268.67861 | AM5: 1 | AN5: 268.67861 | AO5: 0
A6: 2 | B6: 207.05693 | C6: 1 | D6: 207.05693 | E6: 0 | F6: 176.14796 | G6: 1 | H6: 176.14796 | I6: 0 | J6: 191.41681 | K6: 1 | L6: 191.41681 | M6: 0 | N6: 257.81148 | O6: 1 | P6: 257.81148 | Q6: 0 | R6: 252.59311 | S6: 1 | T6: 252.59311 | U6: 0 | V6: 179.41835 | W6: 1 | X6: 179.41835 | Y6: 0 | Z6: 234.89195 | AA6: 1 | AB6: 234.89195 | AC6: 0 | AD6: 264.68049 | AE6: 1 | AF6: 264.68049 | AG6: 0 | AH6: 186.7656 | AI6: 1 | AJ6: 186.7656 | AK6: 0 | AL6: 193.34059 | AM6: 1 | AN6: 193.34059 | AO6: 0
A7: 2.5 | B7: 201.6983 | C7: 1 | D7: 201.6983 | E7: 0 | F7: 155.37482 | G7: 1 | H7: 155.37482 | I7: 0 | J7: 151.01495 | K7: 1 | L7: 151.01495 | M7: 0 | N7: 178.59532 | O7: 1 | P7: 178.59532 | Q7: 0 | R7: 184.57235 | S7: 1 | T7: 184.57235 | U7: 0 | V7: 202.078 | W7: 1 | X7: 202.078 | Y7: 0 | Z7: 148.42954 | AA7: 1 | AB7: 148.42954 | AC7: 0 | AD7: 205.67259 | AE7: 1 | AF7: 205.67259 | AG7: 0 | AH7: 219.96157 | AI7: 1 | AJ7: 219.96157 | AK7: 0 | AL7: 213.69229 | AM7: 1 | AN7: 213.69229 | AO7: 0
A8: 3 | B8: 168.62679 | C8: 1 | D8: 168.62679 | E8: 0 | F8: 149.25085 | G8: 1 | H8: 149.25085 | I8: 0 | J8: 151.32308 | K8: 1 | L8: 151.32308 | M8: 0 | N8: 107.51263 | O8: 1 | P8: 107.51263 | Q8: 0 | R8: 161.12672 | S8: 1 | T8: 161.12672 | U8: 0 | V8: 144.16999 | W8: 1 | X8: 144.16999 | Y8: 0 | Z8: 155.01748 | AA8: 1 | AB8: 155.01748 | AC8: 0 | AD8: 178.21309 | AE8: 1 | AF8: 178.21309 | AG8: 0 | AH8: 154.41681 | AI8: 1 | AJ8: 154.41681 | AK8: 0 | AL8: 177.05703 | AM8: 1 | AN8: 177.05703 | AO8: 0
A9: 3.5 | B9: 140.74481 | C9: 1 | D9: 140.74481 | E9: 0 | F9: 112.286 | G9: 1 | H9: 112.286 | I9: 0 | J9: 134.08921 | K9: 1 | L9: 134.08921 | M9: 0 | N9: 84.788542 | O9: 1 | P9: 84.788542 | Q9: 0 | R9: 146.43615 | S9: 1 | T9: 146.43615 | U9: 0 | V9: 132.55962 | W9: 1 | X9: 132.55962 | Y9: 0 | Z9: 128.12434 | AA9: 1 | AB9: 128.12434 | AC9: 0 | AD9: 134.91613 | AE9: 1 | AF9: 134.91613 | AG9: 0 | AH9: 92.036641 | AI9: 1 | AJ9: 92.036641 | AK9: 0 | AL9: 141.70401 | AM9: 1 | AN9: 141.70401 | AO9: 0
A10: 4 | B10: 110.38712 | C10: 1 | D10: 110.38712 | E10: 0 | F10: 95.885169 | G10: 1 | H10: 95.885169 | I10: 0 | J10: 70.544708 | K10: 1 | L10: 70.544708 | M10: 0 | N10: 133.92593 | O10: 1 | P10: 133.92593 | Q10: 0 | R10: 94.627138 | S10: 1 | T10: 94.627138 | U10: 0 | V10: 127.86622 | W10: 1 | X10: 127.86622 | Y10: 0 | Z10: 75.073742 | AA10: 1 | AB10: 75.073742 | AC10: 0 | AD10: 119.20109 | AE10: 1 | AF10: 119.20109 | AG10: 0 | AH10: 121.12857 | AI10: 1 | AJ10: 121.12857 | AK10: 0 | AL10: 85.25109 | AM10: 1 | AN10: 85.25109 | AO10: 0
A11: 4.5 | B11: 115.15777 | C11: 1 | D11: 115.15777 | E11: 0 | F11: 67.634711 | G11: 1 | H11: 67.634711 | I11: 0 | J11: 104.63864 | K11: 1 | L11: 104.63864 | M11: 0 | N11: 82.959761 | O11: 1 | P11: 82.959761 | Q11: 0 | R11: 97.127154 | S11: 1 | T11: 97.127154 | U11: 0 | V11: 117.14911 | W11: 1 | X11: 117.14911 | Y11: 0 | Z11: 69.880667 | AA11: 1 | AB11: 69.880667 | AC11: 0 | AD11: 72.81741 | AE11: 1 | AF11: 72.81741 | AG11: 0 | AH11: 101.11988 | AI11: 1 | AJ11: 101.11988 | AK11: 0 | AL11: 86.478819 | AM11: 1 | AN11: 86.478819 | AO11: 0
A12: 5 | B12: 36.868619 | C12: 1 | D12: 36.868619 | E12: 0 | F12: 28.837477 | G12: 1 | H12: 28.837477 | I12: 0 | J12: 27.497687 | K12: 1 | L12: 27.497687 | M12: 0 | N12: 22.098218 | O12: 1 | P12: 22.098218 | Q12: 0 | R12: 36.862817 | S12: 1 | T12: 36.862817 | U12: 0 | V12: 27.114319 | W12: 1 | X12: 27.114319 | Y12: 0 | Z12: 38.23367 | AA12: 1 | AB12: 38.23367 | AC12: 0 | AD12: 35.605481 | AE12: 1 | AF12: 35.605481 | AG12: 0 | AH12: 39.848205 | AI12: 1 | AJ12: 39.848205 | AK12: 0 | AL12: 27.625509 | AM12: 1 | AN12: 27.625509 | AO12: 0
A13: 5.5 | B13: 22.426306 | C13: 1 | D13: 22.426306 | E13: 0 | F13: 20.058743 | G13: 1 | H13: 20.058743 | I13: 0 | J13: 38.914116 | K13: 1 | L13: 38.914116 | M13: 0 | N13: 31.596103 | O13: 1 | P13: 31.596103 | Q13: 0 | R13: 35.449931 | S13: 1 | T13: 35.449931 | U13: 0 | V13: 36.236791 | W13: 1 | X13: 36.236791 | Y13: 0 | Z13: 30.193758 | AA13: 1 | AB13: 30.193758 | AC13: 0 | AD13: 36.546956 | AE13: 1 | AF13: 36.546956 | AG13: 0 | AH13: 37.084041 | AI13: 1 | AJ13: 37.084041 | AK13: 0 | AL13: 32.495297 | AM13: 1 | AN13: 32.495297 | AO13: 0
... A49: 23.5 | B49: 529.42198 | C49: 1 | D49: 529.42198 | E49: 0 | F49: 445.4331 | G49: 1 | H49: 445.4331 | I49: 0 | J49: 548.48434 | K49: 1 | L49: 548.48434 | M49: 0 | N49: 755.52599 | O49: 1 | P49: 755.52599 | Q49: 0 | R49: 798.80713 | S49: 1 | T49: 798.80713 | U49: 0 | V49: 715.31457 | W49: 1 | X49: 715.31457 | Y49: 0 | Z49: 809.32871 | AA49: 1 | AB49: 809.32871 | AC49: 0 | AD49: 548.28085 | AE49: 1 | AF49: 548.28085 | AG49: 0 | AH49: 737.73852 | AI49: 1 | AJ49: 737.73852 | AK49: 0 | AL49: 469.39364 | AM49: 1 | AN49: 469.39364 | AO49: 0

Sheet csv-Master
A1: hour | B1: timestamp | C1: master | D1: day1 | E1: day2 | F1: day3 | G1: day4 | H1: day5 | I1: day6 | J1: day7 | K1: day8 | L1: day9 | M1: day10 | N1: day11 | O1: day12 | P1: day13 | Q1: day14 | R1: day15 | S1: day16 | T1: day17 | U1: day18 | V1: day19 | W1: day20 | X1: day21 | Y1: day22 | Z1: day23 | AA1: day24 | AB1: day25 | AC1: day26 | AD1: day27 | AE1: day28 | AF1: day29 | AG1: day30 | AH1: average | AI1: occupancy | AJ1: maxoccupancyrate | AK1: indv-rate | AL1: occupancy | AM1: water | AN1: SPWH_defaultAvailability | AO1: SPWH_favourableWeather | AP1: SPWH_use | AQ1: AB_use | AR1: SPWH_outputDirect | AS1: AB_outputDirect | AT1: AB_Command
A2: 0 | B2: 0 | C2: 600 | D2: 920.78862 | E2: 905.78067 | F2: 1175.144 | G2: 735.80152 | H2: 1028.3564 | I2: 1092.07 | J2: 1087.3379 | K2: 867.24116 | L2: 847.52713 | M2: 1057.4597 | N2: 1134.2154 | O2: 900.76715 | P2: 731.3841 | Q2: 911.41003 | R2: 957.37122 | S2: 741.26127 | T2: 712.75708 | U2: 1091.5633 | V2: 1025.5756 | W2: 1085.6053 | X2: 968.51268 | Y2: 741.30094 | Z2: 706.54753 | AA2: 698.49486 | AB2: 764.40459 | AC2: 676.46609 | AD2: 1043.4065 | AE2: 1132.8157 | AF2: 828.85844 | AG2: 888.87813 | AH2: 915.30343 | AI2: 0.6 | AJ2: 1525.5057 | AK2: 15.255057 | AL2: 0.2 | AM2: 305.10114 | AN2: UNAVAILABLE | AO2: UNVAFOURABLE | AP2: OFF | AQ2: ON | AR2: 0 | AS2: 305.10114 | AT2: 1
A3: 0.5 | B3: 1800 | C3: 500 | D3: 935.81942 | E3: 598.54699 | F3: 854.26881 | G3: 975.55024 | H3: 860.77255 | I3: 980.80804 | J3: 714.55349 | K3: 516.08057 | L3: 989.80126 | M3: 706.24266 | N3: 804.2152 | O3: 817.58959 | P3: 618.61288 | Q3: 666.00553 | R3: 886.99358 | S3: 800.07852 | T3: 728.14721 | U3: 993.52573 | V3: 527.63814 | W3: 598.74931 | X3: 576.99072 | Y3: 780.568 | Z3: 664.81963 | AA3: 669.46589 | AB3: 970.37728 | AC3: 504.96204 | AD3: 934.20688 | AE3: 795.12822 | AF3: 999.42336 | AG3: 964.32607 | AH3: 781.14226 | AI3: 0.6 | AJ3: 1301.9038 | AK3: 13.019038 | AL3: 0.2 | AM3: 260.38075 | AN3: UNAVAILABLE | AO3: UNVAFOURABLE | AP3: OFF | AQ3: ON | AR3: 0 | AS3: 260.38075 | AT3: 1
A4: 1 | B4: 3600 | C4: 200 | D4: 326.85596 | E4: 286.70336 | F4: 232.33887 | G4: 348.15515 | H4: 378.45836 | I4: 366.31187 | J4: 364.01483 | K4: 266.50806 | L4: 266.31548 | M4: 389.40246 | N4: 309.83892 | O4: 298.72119 | P4: 382.66942 | Q4: 341.38476 | R4: 202.16567 | S4: 306.96349 | T4: 365.53275 | U4: 267.52672 | V4: 397.39199 | W4: 335.18551 | X4: 322.58855 | Y4: 332.90817 | Z4: 332.73022 | AA4: 265.96218 | AB4: 338.37144 | AC4: 385.04024 | AD4: 223.53638 | AE4: 330.09693 | AF4: 399.52038 | AG4: 354.72937 | AH4: 323.93095 | AI4: 0.6 | AJ4: 539.88492 | AK4: 5.3988492 | AL4: 0.2 | AM4: 107.97698 | AN4: UNAVAILABLE | AO4: UNVAFOURABLE | AP4: OFF | AQ4: ON | AR4: 0 | AS4: 107.97698 | AT4: 1
A5: 1.5 | B5: 5400 | C5: 180 | D5: 267.52457 | E5: 247.32396 | F5: 197.14105 | G5: 301.40052 | H5: 354.09648 | I5: 285.37788 | J5: 300.39261 | K5: 347.20015 | L5: 355.30568 | M5: 268.67861 | N5: 318.45394 | O5: 328.50644 | P5: 343.81288 | Q5: 263.96217 | R5: 339.62843 | S5: 299.12794 | T5: 234.27447 | U5: 279.7607 | V5: 286.92702 | W5: 300.70535 | X5: 233.45701 | Y5: 300.02741 | Z5: 354.69676 | AA5: 217.45759 | AB5: 279.85564 | AC5: 180.35871 | AD5: 309.823 | AE5: 208.24118 | AF5: 271.08073 | AG5: 209.15127 | AH5: 282.79167 | AI5: 0.6 | AJ5: 471.31945 | AK5: 4.7131945 | AL5: 0.2 | AM5: 94.26389 | AN5: UNAVAILABLE | AO5: UNVAFOURABLE | AP5: OFF | AQ5: ON | AR5: 0 | AS5: 94.26389 | AT5: 1
A6: 2 | B6: 7200 | C6: 150 | D6: 207.05693 | E6: 176.14796 | F6: 191.41681 | G6: 257.81148 | H6: 252.59311 | I6: 179.41835 | J6: 234.89195 | K6: 264.68049 | L6: 186.7656 | M6: 193.34059 | N6: 295.31616 | O6: 193.90426 | P6: 211.15965 | Q6: 205.91933 | R6: 264.39927 | S6: 221.869 | T6: 261.48235 | U6: 227.1551 | V6: 167.92843 | W6: 251.78645 | X6: 180.38914 | Y6: 189.89306 | Z6: 157.2121 | AA6: 157.76907 | AB6: 258.36155 | AC6: 152.42846 | AD6: 282.78939 | AE6: 202.53144 | AF6: 162.20033 | AG6: 205.26875 | AH6: 213.12955 | AI6: 0.6 | AJ6: 355.21592 | AK6: 3.5521592 | AL6: 0.2 | AM6: 71.043184 | AN6: UNAVAILABLE | AO6: UNVAFOURABLE | AP6: OFF | AQ6: ON | AR6: 0 | AS6: 71.043184 | AT6: 1
A7: 2.5 | B7: 9000 | C7: 110 | D7: 201.6983 | E7: 155.37482 | F7: 151.01495 | G7: 178.59532 | H7: 184.57235 | I7: 202.078 | J7: 148.42954 | K7: 205.67259 | L7: 219.96157 | M7: 213.69229 | N7: 134.08214 | O7: 180.17692 | P7: 159.3371 | Q7: 208.62316 | R7: 142.87991 | S7: 125.26879 | T7: 170.67533 | U7: 157.87327 | V7: 138.86535 | W7: 116.62058 | X7: 172.07017 | Y7: 116.91986 | Z7: 162.64451 | AA7: 168.71157 | AB7: 122.37811 | AC7: 182.86003 | AD7: 156.477 | AE7: 144.38841 | AF7: 121.83895 | AG7: 172.78571 | AH7: 163.88555 | AI7: 0.6 | AJ7: 273.14259 | AK7: 2.7314259 | AL7: 0.2 | AM7: 54.628518 | AN7: UNAVAILABLE | AO7: UNVAFOURABLE | AP7: OFF | AQ7: ON | AR7: 0 | AS7: 54.628518 | AT7: 1
A8: 3 | B8: 10800 | C8: 90 | D8: 168.62679 | E8: 149.25085 | F8: 151.32308 | G8: 107.51263 | H8: 161.12672 | I8: 144.16999 | J8: 155.01748 | K8: 178.21309 | L8: 154.41681 | M8: 177.05703 | N8: 163.76595 | O8: 115.63206 | P8: 140.44369 | Q8: 141.18064 | R8: 110.64175 | S8: 143.29435 | T8: 128.38617 | U8: 142.88058 | V8: 155.07681 | W8: 166.86053 | X8: 140.95716 | Y8: 105.85356 | Z8: 114.71191 | AA8: 116.65813 | AB8: 153.39952 | AC8: 117.52751 | AD8: 120.27635 | AE8: 175.06177 | AF8: 136.50185 | AG8: 133.3891 | AH8: 142.30713 | AI8: 0.6 | AJ8: 237.17855 | AK8: 2.3717855 | AL8: 0.2 | AM8: 47.43571 | AN8: UNAVAILABLE | AO8: UNVAFOURABLE | AP8: OFF | AQ8: ON | AR8: 0 | AS8: 47.43571 | AT8: 1
A9: 3.5 | B9: 12600 | C9: 80 | D9: 140.74481 | E9: 112.286 | F9: 134.08921 | G9: 84.788542 | H9: 146.43615 | I9: 132.55962 | J9: 128.12434 | K9: 134.91613 | L9: 92.036641 | M9: 141.70401 | N9: 117.20984 | O9: 116.23584 | P9: 122.41548 | Q9: 99.026058 | R9: 158.06298 | S9: 118.22665 | T9: 102.05925 | U9: 111.51168 | V9: 101.66384 | W9: 156.54103 | X9: 136.16476 | Y9: 138.34359 | Z9: 119.01409 | AA9: 93.483726 | AB9: 134.42696 | AC9: 97.600398 | AD9: 97.912864 | AE9: 111.39849 | AF9: 88.595138 | AG9: 124.50857 | AH9: 119.73622 | AI9: 0.6 | AJ9: 199.56037 | AK9: 1.9956037 | AL9: 0.2 | AM9: 39.912074 | AN9: UNAVAILABLE | AO9: UNVAFOURABLE | AP9: OFF | AQ9: ON | AR9: 0 | AS9: 39.912074 | AT9: 1
A10: 4 | B10: 14400 | C10: 70 | D10: 110.38712 | E10: 95.885169 | F10: 70.544708 | G10: 133.92593 | H10: 94.627138 | I10: 127.86622 | J10: 75.073742 | K10: 119.20109 | L10: 121.12857 | M10: 85.25109 | N10: 132.42068 | O10: 109.91394 | P10: 87.916499 | Q10: 95.908467 | R10: 124.54015 | S10: 99.715062 | T10: 119.81705 | U10: 138.21345 | V10: 137.57215 | W10: 132.54837 | X10: 132.99867 | Y10: 91.813534 | Z10: 129.98452 | AA10: 91.792064 | AB10: 110.12373 | AC10: 119.99287 | AD10: 81.932791 | AE10: 92.392198 | AF10: 121.59273 | AG10: 102.171 | AH10: 109.57502 | AI10: 0.6 | AJ10: 182.62504 | AK10: 1.8262504 | AL10: 0.2 | AM10: 36.525008 | AN10: UNAVAILABLE | AO10: UNVAFOURABLE | AP10: OFF | AQ10: ON | AR10: 0 | AS10: 36.525008 | AT10: 1
A11: 4.5 | B11: 16200 | C11: 60 | D11: 115.15777 | E11: 67.634711 | F11: 104.63864 | G11: 82.959761 | H11: 97.127154 | I11: 117.14911 | J11: 69.880667 | K11: 72.81741 | L11: 101.11988 | M11: 86.478819 | N11: 90.316532 | O11: 69.698691 | P11: 73.48318 | Q11: 90.005591 | R11: 99.079416 | S11: 60.028228 | T11: 61.776591 | U11: 119.58338 | V11: 77.084607 | W11: 80.184107 | X11: 83.174867 | Y11: 106.61524 | Z11: 74.998935 | AA11: 118.19864 | AB11: 83.844963 | AC11: 80.276464 | AD11: 106.96223 | AE11: 90.80363 | AF11: 99.763449 | AG11: 87.971978 | AH11: 88.960488 | AI11: 0.6 | AJ11: 148.26748 | AK11: 1.4826748 | AL11: 0.2 | AM11: 29.653496 | AN11: UNAVAILABLE | AO11: UNVAFOURABLE | AP11: OFF | AQ11: ON | AR11: 0 | AS11: 29.653496 | AT11: 1
A12: 5 | B12: 18000 | C12: 20 | D12: 36.868619 | E12: 28.837477 | F12: 27.497687 | G12: 22.098218 | H12: 36.862817 | I12: 27.114319 | J12: 38.23367 | K12: 35.605481 | L12: 39.848205 | M12: 27.625509 | N12: 36.974355 | O12: 32.584739 | P12: 23.749678 | Q12: 29.779494 | R12: 28.18776 | S12: 27.729349 | T12: 24.737477 | U12: 29.988941 | V12: 20.582984 | W12: 34.165507 | X12: 35.065289 | Y12: 28.69464 | Z12: 32.859632 | AA12: 20.764828 | AB12: 25.251156 | AC12: 35.179577 | AD12: 29.246937 | AE12: 25.187119 | AF12: 37.246397 | AG12: 30.359277 | AH12: 30.297571 | AI12: 0.6 | AJ12: 50.495952 | AK12: 0.50495952 | AL12: 0.2 | AM12: 10.09919 | AN12: UNAVAILABLE | AO12: UNVAFOURABLE | AP12: OFF | AQ12: ON | AR12: 0 | AS12: 10.09919 | AT12: 1
A13: 5.5 | B13: 19800 | C13: 20 | D13: 22.426306 | E13: 20.058743 | F13: 38.914116 | G13: 31.596103 | H13: 35.449931 | I13: 36.236791 | J13: 30.193758 | K13: 36.546956 | L13: 37.084041 | M13: 32.495297 | N13: 28.579381 | O13: 24.805185 | P13: 33.66635 | Q13: 21.814945 | R13: 23.005119 | S13: 33.004705 | T13: 35.214981 | U13: 34.612831 | V13: 22.617217 | W13: 38.229693 | X13: 36.933615 | Y13: 38.251263 | Z13: 23.683785 | AA13: 32.37814 | AB13: 24.944391 | AC13: 39.175214 | AD13: 29.86022 | AE13: 27.275826 | AF13: 23.649287 | AG13: 39.150762 | AH13: 31.061832 | AI13: 0.6 | AJ13: 51.76972 | AK13: 0.5176972 | AL13: 0.2 | AM13: 10.353944 | AN13: UNAVAILABLE | AO13: UNVAFOURABLE | AP13: OFF | AQ13: ON | AR13: 0 | AS13: 10.353944 | AT13: 1
... A49: 23.5 | B49: 84600 | C49: 420 | D49: 529.42198 | E49: 445.4331 | F49: 548.48434 | G49: 755.52599 | H49: 798.80713 | I49: 715.31457 | J49: 809.32871 | K49: 548.28085 | L49: 737.73852 | M49: 469.39364 | N49: 689.42447 | O49: 828.49326 | P49: 460.15828 | Q49: 782.77013 | R49: 469.76617 | S49: 492.62383 | T49: 455.20515 | U49: 430.96441 | V49: 789.4937 | W49: 500.07214 | X49: 486.8304 | Y49: 443.57049 | Z49: 735.86887 | AA49: 665.15863 | AB49: 571.09082 | AC49: 594.22744 | AD49: 429.08161 | AE49: 524.89957 | AF49: 663.9495 | AG49: 771.17338 | AH49: 604.7517 | AI49: 0.6 | AJ49: 1007.9195 | AK49: 10.079195 | AL49: 0.2 | AM49: 201.5839 | AN49: UNAVAILABLE | AO49: UNVAFOURABLE | AP49: OFF | AQ49: ON | AR49: 0 | AS49: 201.5839 | AT49: 1

Sheet csv-WeatherInput
A1: hour | B1: timestamp | C1: SPWH_favourableWeather | D1: Command | E1: AB_Command | F1: SPWH_Command | G1: Temperature
A2: 0 | B2: 0 | C2: UNVAFOURABLE | D2: 0 | E2: 920.78862 | F2: 0 | G2: 55
A3: 0.5 | B3: 1800 | C3: UNVAFOURABLE | D3: 0 | E3: 935.81942 | F3: 0 | G3: 54
A4: 1 | B4: 3600 | C4: UNVAFOURABLE | D4: 0 | E4: 326.85596 | F4: 0 | G4: 53
A5: 1.5 | B5: 5400 | C5: UNVAFOURABLE | D5: 0 | E5: 267.52457 | F5: 0 | G5: 51
A6: 2 | B6: 7200 | C6: UNVAFOURABLE | D6: 0 | E6: 207.05693 | F6: 0 | G6: 51
A7: 2.5 | B7: 9000 | C7: UNVAFOURABLE | D7: 0 | E7: 201.6983 | F7: 0 | G7: 50
A8: 3 | B8: 10800 | C8: UNVAFOURABLE | D8: 0 | E8: 168.62679 | F8: 0 | G8: 48
A9: 3.5 | B9: 12600 | C9: UNVAFOURABLE | D9: 0 | E9: 140.74481 | F9: 0 | G9: 46
A10: 4 | B10: 14400 | C10: UNVAFOURABLE | D10: 0 | E10: 110.38712 | F10: 0 | G10: 45
A11: 4.5 | B11: 16200 | C11: UNVAFOURABLE | D11: 0 | E11: 115.15777 | F11: 0 | G11: 47
A12: 5 | B12: 18000 | C12: UNVAFOURABLE | D12: 0 | E12: 36.868619 | F12: 0 | G12: 49
A13: 5.5 | B13: 19800 | C13: UNVAFOURABLE | D13: 0 | E13: 22.426306 | F13: 0 | G13: 50
... A49: 23.5 | B49: 84600 | C49: UNVAFOURABLE | D49: 0 | E49: 529.42198 | F49: 0 | G49: 52
